{
    "RPT": {
        "ScanTime": "0.54 sec.",
        "ScanFile": "20230303_clothes_2f67751021c202b83793_20230303165109_scan.json",
        "Warnings": 0,
        "Success": 6
    },
    "SRV": {
        "PHP": {
            "websrv": true,
            "openbase": true,
            "maxtime": true,
            "mysqli": true,
            "version": true
        },
        "SYS": {
            "managedHost": true,
            "ALL": "Good"
        },
        "WP": {
            "version": true,
            "core": true,
            "ismu": false,
            "ALL": "Good"
        }
    },
    "ARC": {
        "Size": "0B",
        "DirCount": "0",
        "FileCount": "0",
        "FullCount": "0",
        "WarnFileCount": 0,
        "WarnDirCount": 0,
        "UnreadableDirCount": 0,
        "UnreadableFileCount": 0,
        "FilterDirsAll": [
            "C:\/laragon\/www\/esameweek2\/wordpress\/.opcache",
            "C:\/laragon\/www\/esameweek2\/wordpress\/wp-content\/ai1wm-backups",
            "C:\/laragon\/www\/esameweek2\/wordpress\/wp-content\/backups-dup-lite",
            "C:\/laragon\/www\/esameweek2\/wordpress\/wp-content\/backups-dup-pro",
            "C:\/laragon\/www\/esameweek2\/wordpress\/wp-content\/backupwordpress",
            "C:\/laragon\/www\/esameweek2\/wordpress\/wp-content\/bps-backup",
            "C:\/laragon\/www\/esameweek2\/wordpress\/wp-content\/cache",
            "C:\/laragon\/www\/esameweek2\/wordpress\/wp-content\/content\/cache",
            "C:\/laragon\/www\/esameweek2\/wordpress\/wp-content\/contents\/cache",
            "C:\/laragon\/www\/esameweek2\/wordpress\/wp-content\/infinitewp\/backups",
            "C:\/laragon\/www\/esameweek2\/wordpress\/wp-content\/managewp\/backups",
            "C:\/laragon\/www\/esameweek2\/wordpress\/wp-content\/old-cache",
            "C:\/laragon\/www\/esameweek2\/wordpress\/wp-content\/plugins\/all-in-one-wp-migration\/storage",
            "C:\/laragon\/www\/esameweek2\/wordpress\/wp-content\/updraft",
            "C:\/laragon\/www\/esameweek2\/wordpress\/wp-content\/uploads\/aiowps_backups",
            "C:\/laragon\/www\/esameweek2\/wordpress\/wp-content\/uploads\/backupbuddy_backups",
            "C:\/laragon\/www\/esameweek2\/wordpress\/wp-content\/uploads\/backupbuddy_temp",
            "C:\/laragon\/www\/esameweek2\/wordpress\/wp-content\/uploads\/ithemes-security\/backups",
            "C:\/laragon\/www\/esameweek2\/wordpress\/wp-content\/uploads\/mainwp\/backup",
            "C:\/laragon\/www\/esameweek2\/wordpress\/wp-content\/uploads\/pb_backupbuddy",
            "C:\/laragon\/www\/esameweek2\/wordpress\/wp-content\/uploads\/snapshots",
            "C:\/laragon\/www\/esameweek2\/wordpress\/wp-content\/uploads\/sucuri",
            "C:\/laragon\/www\/esameweek2\/wordpress\/wp-content\/uploads\/wp-clone",
            "C:\/laragon\/www\/esameweek2\/wordpress\/wp-content\/uploads\/wp_all_backup",
            "C:\/laragon\/www\/esameweek2\/wordpress\/wp-content\/uploads\/wpbackitup_backups",
            "C:\/laragon\/www\/esameweek2\/wordpress\/wp-content\/wfcache",
            "C:\/laragon\/www\/esameweek2\/wordpress\/wp-content\/wishlist-backup",
            "C:\/laragon\/www\/esameweek2\/wordpress\/wp-snapshots"
        ],
        "FilterFilesAll": [
            "error_log",
            "error.log",
            "debug_log",
            "ws_ftp.log",
            "dbcache",
            "pgcache",
            "objectcache",
            ".DS_Store",
            "C:\/laragon\/www\/esameweek2\/wordpress\/.htaccess",
            "C:\/laragon\/www\/esameweek2\/wordpress\/web.config",
            "C:\/laragon\/www\/esameweek2\/wordpress\/wp-config.php"
        ],
        "FilterExtsAll": [],
        "FilterInfo": {
            "Dirs": {
                "Core": [
                    "C:\/laragon\/www\/esameweek2\/wordpress\/wp-snapshots",
                    "C:\/laragon\/www\/esameweek2\/wordpress\/wp-content\/backups-dup-lite",
                    "C:\/laragon\/www\/esameweek2\/wordpress\/.opcache",
                    "C:\/laragon\/www\/esameweek2\/wordpress\/wp-content\/backups-dup-pro",
                    "C:\/laragon\/www\/esameweek2\/wordpress\/wp-content\/ai1wm-backups",
                    "C:\/laragon\/www\/esameweek2\/wordpress\/wp-content\/backupwordpress",
                    "C:\/laragon\/www\/esameweek2\/wordpress\/wp-content\/content\/cache",
                    "C:\/laragon\/www\/esameweek2\/wordpress\/wp-content\/contents\/cache",
                    "C:\/laragon\/www\/esameweek2\/wordpress\/wp-content\/infinitewp\/backups",
                    "C:\/laragon\/www\/esameweek2\/wordpress\/wp-content\/managewp\/backups",
                    "C:\/laragon\/www\/esameweek2\/wordpress\/wp-content\/old-cache",
                    "C:\/laragon\/www\/esameweek2\/wordpress\/wp-content\/plugins\/all-in-one-wp-migration\/storage",
                    "C:\/laragon\/www\/esameweek2\/wordpress\/wp-content\/updraft",
                    "C:\/laragon\/www\/esameweek2\/wordpress\/wp-content\/wishlist-backup",
                    "C:\/laragon\/www\/esameweek2\/wordpress\/wp-content\/wfcache",
                    "C:\/laragon\/www\/esameweek2\/wordpress\/wp-content\/bps-backup",
                    "C:\/laragon\/www\/esameweek2\/wordpress\/wp-content\/cache",
                    "C:\/laragon\/www\/esameweek2\/wordpress\/wp-content\/uploads\/aiowps_backups",
                    "C:\/laragon\/www\/esameweek2\/wordpress\/wp-content\/uploads\/backupbuddy_temp",
                    "C:\/laragon\/www\/esameweek2\/wordpress\/wp-content\/uploads\/backupbuddy_backups",
                    "C:\/laragon\/www\/esameweek2\/wordpress\/wp-content\/uploads\/ithemes-security\/backups",
                    "C:\/laragon\/www\/esameweek2\/wordpress\/wp-content\/uploads\/mainwp\/backup",
                    "C:\/laragon\/www\/esameweek2\/wordpress\/wp-content\/uploads\/pb_backupbuddy",
                    "C:\/laragon\/www\/esameweek2\/wordpress\/wp-content\/uploads\/snapshots",
                    "C:\/laragon\/www\/esameweek2\/wordpress\/wp-content\/uploads\/sucuri",
                    "C:\/laragon\/www\/esameweek2\/wordpress\/wp-content\/uploads\/wp-clone",
                    "C:\/laragon\/www\/esameweek2\/wordpress\/wp-content\/uploads\/wp_all_backup",
                    "C:\/laragon\/www\/esameweek2\/wordpress\/wp-content\/uploads\/wpbackitup_backups"
                ],
                "Global": [],
                "Instance": [],
                "Warning": [],
                "Unreadable": [],
                "AddonSites": []
            },
            "Files": {
                "Core": [],
                "Global": [
                    "error_log",
                    "error.log",
                    "debug_log",
                    "ws_ftp.log",
                    "dbcache",
                    "pgcache",
                    "objectcache",
                    ".DS_Store"
                ],
                "Instance": [],
                "Warning": [],
                "Unreadable": [],
                "AddonSites": [],
                "Size": []
            },
            "Exts": {
                "Core": [],
                "Global": [],
                "Instance": []
            },
            "UDirCount": 0,
            "UFileCount": 0,
            "UExtCount": 0,
            "TreeSize": [],
            "TreeWarning": []
        },
        "RecursiveLinks": [],
        "UnreadableItems": [],
        "Status": {
            "Size": "Good",
            "Names": "Good",
            "UnreadableItems": "Good",
            "MigratePackage": "Good",
            "CanbeMigratePackage": true,
            "showCreateProcFuncStatus": "Good",
            "showCreateProcFunc": true,
            "AddonSites": "Good"
        },
        "Dirs": [],
        "Files": []
    },
    "DB": {
        "Status": {
            "Success": true,
            "DB_Case": "Good",
            "DB_Rows": "Good",
            "DB_Size": "Good",
            "TBL_Case": "Good",
            "TBL_Rows": "Good",
            "TBL_Size": "Good",
            "Triggers": "Good"
        },
        "Size": 18202624,
        "Rows": 7509,
        "TableCount": 97,
        "TableList": {
            "wp_actionscheduler_actions": {
                "Case": 0,
                "Rows": "197",
                "Size": "224KB",
                "USize": "229376"
            },
            "wp_actionscheduler_claims": {
                "Case": 0,
                "Rows": "0",
                "Size": "32KB",
                "USize": "32768"
            },
            "wp_actionscheduler_groups": {
                "Case": 0,
                "Rows": "5",
                "Size": "32KB",
                "USize": "32768"
            },
            "wp_actionscheduler_logs": {
                "Case": 0,
                "Rows": "169",
                "Size": "48KB",
                "USize": "49152"
            },
            "wp_commentmeta": {
                "Case": 0,
                "Rows": "14",
                "Size": "48KB",
                "USize": "49152"
            },
            "wp_comments": {
                "Case": 0,
                "Rows": "31",
                "Size": "112KB",
                "USize": "114688"
            },
            "wp_duplicator_packages": {
                "Case": 0,
                "Rows": "0",
                "Size": "32KB",
                "USize": "32768"
            },
            "wp_gla_attribute_mapping_rules": {
                "Case": 0,
                "Rows": "0",
                "Size": "16KB",
                "USize": "16384"
            },
            "wp_gla_budget_recommendations": {
                "Case": 0,
                "Rows": "4,230",
                "Size": "368KB",
                "USize": "376832"
            },
            "wp_gla_merchant_issues": {
                "Case": 0,
                "Rows": "0",
                "Size": "16KB",
                "USize": "16384"
            },
            "wp_gla_shipping_rates": {
                "Case": 0,
                "Rows": "0",
                "Size": "48KB",
                "USize": "49152"
            },
            "wp_gla_shipping_times": {
                "Case": 0,
                "Rows": "0",
                "Size": "32KB",
                "USize": "32768"
            },
            "wp_links": {
                "Case": 0,
                "Rows": "0",
                "Size": "32KB",
                "USize": "32768"
            },
            "wp_mailpoet_automation_run_logs": {
                "Case": 0,
                "Rows": "0",
                "Size": "32KB",
                "USize": "32768"
            },
            "wp_mailpoet_automation_runs": {
                "Case": 0,
                "Rows": "0",
                "Size": "32KB",
                "USize": "32768"
            },
            "wp_mailpoet_automation_triggers": {
                "Case": 0,
                "Rows": "0",
                "Size": "16KB",
                "USize": "16384"
            },
            "wp_mailpoet_automation_versions": {
                "Case": 0,
                "Rows": "0",
                "Size": "32KB",
                "USize": "32768"
            },
            "wp_mailpoet_automations": {
                "Case": 0,
                "Rows": "0",
                "Size": "16KB",
                "USize": "16384"
            },
            "wp_mailpoet_custom_fields": {
                "Case": 0,
                "Rows": "0",
                "Size": "32KB",
                "USize": "32768"
            },
            "wp_mailpoet_dynamic_segment_filters": {
                "Case": 0,
                "Rows": "0",
                "Size": "32KB",
                "USize": "32768"
            },
            "wp_mailpoet_feature_flags": {
                "Case": 0,
                "Rows": "0",
                "Size": "32KB",
                "USize": "32768"
            },
            "wp_mailpoet_forms": {
                "Case": 0,
                "Rows": "0",
                "Size": "16KB",
                "USize": "16384"
            },
            "wp_mailpoet_log": {
                "Case": 0,
                "Rows": "0",
                "Size": "16KB",
                "USize": "16384"
            },
            "wp_mailpoet_migrations": {
                "Case": 0,
                "Rows": "4",
                "Size": "32KB",
                "USize": "32768"
            },
            "wp_mailpoet_newsletter_links": {
                "Case": 0,
                "Rows": "0",
                "Size": "64KB",
                "USize": "65536"
            },
            "wp_mailpoet_newsletter_option": {
                "Case": 0,
                "Rows": "0",
                "Size": "32KB",
                "USize": "32768"
            },
            "wp_mailpoet_newsletter_option_fields": {
                "Case": 0,
                "Rows": "24",
                "Size": "32KB",
                "USize": "32768"
            },
            "wp_mailpoet_newsletter_posts": {
                "Case": 0,
                "Rows": "0",
                "Size": "32KB",
                "USize": "32768"
            },
            "wp_mailpoet_newsletter_segment": {
                "Case": 0,
                "Rows": "0",
                "Size": "32KB",
                "USize": "32768"
            },
            "wp_mailpoet_newsletter_templates": {
                "Case": 0,
                "Rows": "68",
                "Size": "2.52MB",
                "USize": "2637824"
            },
            "wp_mailpoet_newsletters": {
                "Case": 0,
                "Rows": "0",
                "Size": "48KB",
                "USize": "49152"
            },
            "wp_mailpoet_scheduled_task_subscribers": {
                "Case": 0,
                "Rows": "0",
                "Size": "32KB",
                "USize": "32768"
            },
            "wp_mailpoet_scheduled_tasks": {
                "Case": 0,
                "Rows": "17",
                "Size": "48KB",
                "USize": "49152"
            },
            "wp_mailpoet_segments": {
                "Case": 0,
                "Rows": "3",
                "Size": "48KB",
                "USize": "49152"
            },
            "wp_mailpoet_sending_queues": {
                "Case": 0,
                "Rows": "0",
                "Size": "48KB",
                "USize": "49152"
            },
            "wp_mailpoet_settings": {
                "Case": 0,
                "Rows": "16",
                "Size": "32KB",
                "USize": "32768"
            },
            "wp_mailpoet_statistics_bounces": {
                "Case": 0,
                "Rows": "0",
                "Size": "16KB",
                "USize": "16384"
            },
            "wp_mailpoet_statistics_clicks": {
                "Case": 0,
                "Rows": "0",
                "Size": "64KB",
                "USize": "65536"
            },
            "wp_mailpoet_statistics_forms": {
                "Case": 0,
                "Rows": "0",
                "Size": "32KB",
                "USize": "32768"
            },
            "wp_mailpoet_statistics_newsletters": {
                "Case": 0,
                "Rows": "0",
                "Size": "48KB",
                "USize": "49152"
            },
            "wp_mailpoet_statistics_opens": {
                "Case": 0,
                "Rows": "0",
                "Size": "96KB",
                "USize": "98304"
            },
            "wp_mailpoet_statistics_unsubscribes": {
                "Case": 0,
                "Rows": "0",
                "Size": "64KB",
                "USize": "65536"
            },
            "wp_mailpoet_statistics_woocommerce_purchases": {
                "Case": 0,
                "Rows": "0",
                "Size": "80KB",
                "USize": "81920"
            },
            "wp_mailpoet_stats_notifications": {
                "Case": 0,
                "Rows": "0",
                "Size": "48KB",
                "USize": "49152"
            },
            "wp_mailpoet_subscriber_custom_field": {
                "Case": 0,
                "Rows": "0",
                "Size": "32KB",
                "USize": "32768"
            },
            "wp_mailpoet_subscriber_ips": {
                "Case": 0,
                "Rows": "0",
                "Size": "32KB",
                "USize": "32768"
            },
            "wp_mailpoet_subscriber_segment": {
                "Case": 0,
                "Rows": "0",
                "Size": "48KB",
                "USize": "49152"
            },
            "wp_mailpoet_subscriber_tag": {
                "Case": 0,
                "Rows": "0",
                "Size": "48KB",
                "USize": "49152"
            },
            "wp_mailpoet_subscribers": {
                "Case": 0,
                "Rows": "1",
                "Size": "144KB",
                "USize": "147456"
            },
            "wp_mailpoet_tags": {
                "Case": 0,
                "Rows": "0",
                "Size": "32KB",
                "USize": "32768"
            },
            "wp_mailpoet_user_agents": {
                "Case": 0,
                "Rows": "0",
                "Size": "32KB",
                "USize": "32768"
            },
            "wp_mailpoet_user_flags": {
                "Case": 0,
                "Rows": "0",
                "Size": "32KB",
                "USize": "32768"
            },
            "wp_options": {
                "Case": 0,
                "Rows": "620",
                "Size": "8.5MB",
                "USize": "8912896"
            },
            "wp_postmeta": {
                "Case": 0,
                "Rows": "1,357",
                "Size": "592KB",
                "USize": "606208"
            },
            "wp_posts": {
                "Case": 0,
                "Rows": "246",
                "Size": "1.48MB",
                "USize": "1556480"
            },
            "wp_sbi_feed_caches": {
                "Case": 0,
                "Rows": "0",
                "Size": "32KB",
                "USize": "32768"
            },
            "wp_sbi_feeds": {
                "Case": 0,
                "Rows": "0",
                "Size": "32KB",
                "USize": "32768"
            },
            "wp_sbi_instagram_feed_locator": {
                "Case": 0,
                "Rows": "0",
                "Size": "16KB",
                "USize": "16384"
            },
            "wp_sbi_instagram_feeds_posts": {
                "Case": 0,
                "Rows": "0",
                "Size": "48KB",
                "USize": "49152"
            },
            "wp_sbi_instagram_posts": {
                "Case": 0,
                "Rows": "0",
                "Size": "16KB",
                "USize": "16384"
            },
            "wp_sbi_sources": {
                "Case": 0,
                "Rows": "0",
                "Size": "48KB",
                "USize": "49152"
            },
            "wp_term_relationships": {
                "Case": 0,
                "Rows": "139",
                "Size": "32KB",
                "USize": "32768"
            },
            "wp_term_taxonomy": {
                "Case": 0,
                "Rows": "101",
                "Size": "48KB",
                "USize": "49152"
            },
            "wp_termmeta": {
                "Case": 0,
                "Rows": "41",
                "Size": "48KB",
                "USize": "49152"
            },
            "wp_terms": {
                "Case": 0,
                "Rows": "101",
                "Size": "48KB",
                "USize": "49152"
            },
            "wp_usermeta": {
                "Case": 0,
                "Rows": "30",
                "Size": "48KB",
                "USize": "49152"
            },
            "wp_users": {
                "Case": 0,
                "Rows": "0",
                "Size": "64KB",
                "USize": "65536"
            },
            "wp_wc_admin_note_actions": {
                "Case": 0,
                "Rows": "40",
                "Size": "32KB",
                "USize": "32768"
            },
            "wp_wc_admin_notes": {
                "Case": 0,
                "Rows": "32",
                "Size": "16KB",
                "USize": "16384"
            },
            "wp_wc_category_lookup": {
                "Case": 0,
                "Rows": "10",
                "Size": "16KB",
                "USize": "16384"
            },
            "wp_wc_customer_lookup": {
                "Case": 0,
                "Rows": "0",
                "Size": "48KB",
                "USize": "49152"
            },
            "wp_wc_download_log": {
                "Case": 0,
                "Rows": "0",
                "Size": "48KB",
                "USize": "49152"
            },
            "wp_wc_order_coupon_lookup": {
                "Case": 0,
                "Rows": "0",
                "Size": "48KB",
                "USize": "49152"
            },
            "wp_wc_order_product_lookup": {
                "Case": 0,
                "Rows": "0",
                "Size": "80KB",
                "USize": "81920"
            },
            "wp_wc_order_stats": {
                "Case": 0,
                "Rows": "0",
                "Size": "64KB",
                "USize": "65536"
            },
            "wp_wc_order_tax_lookup": {
                "Case": 0,
                "Rows": "0",
                "Size": "48KB",
                "USize": "49152"
            },
            "wp_wc_product_attributes_lookup": {
                "Case": 0,
                "Rows": "2",
                "Size": "32KB",
                "USize": "32768"
            },
            "wp_wc_product_download_directories": {
                "Case": 0,
                "Rows": "2",
                "Size": "32KB",
                "USize": "32768"
            },
            "wp_wc_product_meta_lookup": {
                "Case": 0,
                "Rows": "7",
                "Size": "112KB",
                "USize": "114688"
            },
            "wp_wc_rate_limits": {
                "Case": 0,
                "Rows": "0",
                "Size": "32KB",
                "USize": "32768"
            },
            "wp_wc_reserved_stock": {
                "Case": 0,
                "Rows": "0",
                "Size": "16KB",
                "USize": "16384"
            },
            "wp_wc_tax_rate_classes": {
                "Case": 0,
                "Rows": "2",
                "Size": "32KB",
                "USize": "32768"
            },
            "wp_wc_webhooks": {
                "Case": 0,
                "Rows": "0",
                "Size": "32KB",
                "USize": "32768"
            },
            "wp_woocommerce_api_keys": {
                "Case": 0,
                "Rows": "0",
                "Size": "48KB",
                "USize": "49152"
            },
            "wp_woocommerce_attribute_taxonomies": {
                "Case": 0,
                "Rows": "0",
                "Size": "32KB",
                "USize": "32768"
            },
            "wp_woocommerce_downloadable_product_permissions": {
                "Case": 0,
                "Rows": "0",
                "Size": "80KB",
                "USize": "81920"
            },
            "wp_woocommerce_log": {
                "Case": 0,
                "Rows": "0",
                "Size": "32KB",
                "USize": "32768"
            },
            "wp_woocommerce_order_itemmeta": {
                "Case": 0,
                "Rows": "0",
                "Size": "48KB",
                "USize": "49152"
            },
            "wp_woocommerce_order_items": {
                "Case": 0,
                "Rows": "0",
                "Size": "32KB",
                "USize": "32768"
            },
            "wp_woocommerce_payment_tokenmeta": {
                "Case": 0,
                "Rows": "0",
                "Size": "48KB",
                "USize": "49152"
            },
            "wp_woocommerce_payment_tokens": {
                "Case": 0,
                "Rows": "0",
                "Size": "32KB",
                "USize": "32768"
            },
            "wp_woocommerce_sessions": {
                "Case": 0,
                "Rows": "0",
                "Size": "32KB",
                "USize": "32768"
            },
            "wp_woocommerce_shipping_zone_locations": {
                "Case": 0,
                "Rows": "0",
                "Size": "48KB",
                "USize": "49152"
            },
            "wp_woocommerce_shipping_zone_methods": {
                "Case": 0,
                "Rows": "0",
                "Size": "16KB",
                "USize": "16384"
            },
            "wp_woocommerce_shipping_zones": {
                "Case": 0,
                "Rows": "0",
                "Size": "16KB",
                "USize": "16384"
            },
            "wp_woocommerce_tax_rate_locations": {
                "Case": 0,
                "Rows": "0",
                "Size": "48KB",
                "USize": "49152"
            },
            "wp_woocommerce_tax_rates": {
                "Case": 0,
                "Rows": "0",
                "Size": "80KB",
                "USize": "81920"
            }
        },
        "RawSize": 18202624,
        "EasySize": "17.36MB"
    },
    "LL": {
        "TotalSize": "17.36MB",
        "Status": {
            "TotalSize": "Good"
        }
    }
}